FIREUNITID,ORGNAME,FIRENAME,FIRETYPE,FIRESUBTYPE,WXSTATIONID,TREATMENTTYPE1,DISCOVERYDATETIME,INITIATIONDATE,STARTDATE,LATITUDE,LONGITUDE,ASPECT,LAYOFLAND,SLOPE,TOTALPRESCRIBEDACRES,TOTALACRES
MNGLR,GLACIAL RIDGE NATIONAL WILDLIFE REFUGE,TILDEN 26-A,Treatment,Fires Ignited on FWS Lands by FWS,Detroit Lakes,Prescribed Fire,5/16/2011,5/16/2011,5/16/2011,47.677,-96.267,Flat,Flat,0-25,75,75
MNAGR,AGASSIZ NATIONAL WILDLIFE REFUGE,DAHL POOL,Treatment,Fires Ignited on FWS Lands by FWS,,Prescribed Fire,5/17/2011,5/17/2011,5/17/2011,48.317163,-95.867612,Flat,Flat,0-25,1054,1054
MNLFR,LITCHFIELD WETLAND MANAGEMENT DISTRICT,LAKE HARDEN A,Treatment,Fires Ignited on FWS Lands by FWS,214001,Prescribed Fire,5/16/2011,5/16/2011,5/16/2011,44.97611111,-94.50444444,Flat,Flat,0-25,262,262
MNBNR,MORRIS WETLAND MANAGEMENT DISTRICT,MERO SOUTH,Treatment,Fires Ignited on FWS Lands by FWS,MSP,Prescribed Fire,5/18/2011,5/18/2011,5/18/2011,45.5218,-95.9787,Flat,Flat,0-25,133,133
MNBNR,MORRIS WETLAND MANAGEMENT DISTRICT,AVOK SLOUGH,Treatment,Fires Ignited on FWS Lands by FWS,MSP,Prescribed Fire,5/26/2011,5/26/2011,5/26/2011,45.4829,-95.6022,Flat,Flat,0-25,131,131
MNGLR,GLACIAL RIDGE NATIONAL WILDLIFE REFUGE,TILDEN 26-A CATTAIL,Treatment,Fires Ignited on FWS Lands by FWS,Detroit Lakes,Prescribed Fire,5/19/2011,5/19/2011,5/19/2011,47.691,-96.258,Flat,Flat,0-25,5,5
MNBNR,MORRIS WETLAND MANAGEMENT DISTRICT,HORMANN,Treatment,Fires Ignited on FWS Lands by FWS,ABR,Prescribed Fire,5/15/2011,5/15/2011,5/15/2011,45.6822,-96.5791,Flat,Flat,0-25,173,173
MNGLR,GLACIAL RIDGE NATIONAL WILDLIFE REFUGE,TILDEN 26 NE,Treatment,Fires Ignited on FWS Lands by FWS,Detroit Lakes,Prescribed Fire,5/26/2011,5/26/2011,5/26/2011,47.702,-96.245,Flat,Flat,0-25,35,35
MNBNR,MORRIS WETLAND MANAGEMENT DISTRICT,GREINER,Treatment,Fires Ignited on FWS Lands by FWS,mpx,Prescribed Fire,5/19/2011,5/19/2011,5/19/2011,45.4939,-95.6247,Flat,Flat,0-25,117,117
MNBNR,MORRIS WETLAND MANAGEMENT DISTRICT,KRANTZ LAKE,Treatment,Fires Ignited on FWS Lands by FWS,mxp,Prescribed Fire,5/2/2011,5/2/2011,5/2/2011,45.491,-95.293,Flat,Flat,0-25,201,201
MNBNR,MORRIS WETLAND MANAGEMENT DISTRICT,MATTSON,Treatment,Fires Ignited on FWS Lands by FWS,MSP,Prescribed Fire,5/16/2011,5/16/2011,5/16/2011,45.7362,-95.6821,Flat,Flat,0-25,49,49
MNBNR,MORRIS WETLAND MANAGEMENT DISTRICT,STEWART SOUTH,Treatment,Fires Ignited on FWS Lands by FWS,MSP,Prescribed Fire,5/16/2011,5/16/2011,5/16/2011,45.6343,-95.566,Flat,Flat,0-25,138,138
MNBNR,MORRIS WETLAND MANAGEMENT DISTRICT,SVOR CENTRAL,Treatment,Fires Ignited on FWS Lands by FWS,mpx,Prescribed Fire,5/7/2011,5/7/2011,5/7/2011,45.3614,-95.4648,Flat,Flat,0-25,259,259
MNBNR,MORRIS WETLAND MANAGEMENT DISTRICT,HILLMAN EAST,Treatment,Fires Ignited on FWS Lands by FWS,abr,Prescribed Fire,5/7/2011,5/7/2011,5/7/2011,45.2869,-96.298,Flat,Flat,0-25,120,120
MNBGR,BIG STONE NATIONAL WILDLIFE REFUGE,ATR/OUTCROPS C & D,Treatment,Fires Ignited on FWS Lands by FWS,,Prescribed Fire,5/2/2011,5/2/2011,5/2/2011,45.2526,-96.40117,Flat,Flat,0-25,33,33
MNBGR,BIG STONE NATIONAL WILDLIFE REFUGE,ATR/OUTCROPS C & D,Treatment,Fires Ignited on FWS Lands by FWS,,Prescribed Fire,5/2/2011,5/2/2011,5/2/2011,45.2526,-96.40117,Flat,Flat,0-25,33,33
MNBGR,BIG STONE NATIONAL WILDLIFE REFUGE,RINKE,Treatment,Fires Ignited on FWS Lands by FWS,,Prescribed Fire,5/16/2011,5/16/2011,5/16/2011,45.24134,-96.34464,Flat,Flat,0-25,72,72
MNBGR,BIG STONE NATIONAL WILDLIFE REFUGE,RINKE,Treatment,Fires Ignited on FWS Lands by FWS,,Prescribed Fire,5/16/2011,5/16/2011,5/16/2011,45.24134,-96.34464,Flat,Flat,0-25,72,72
MNWWR,WINDOM WETLAND MANAGEMENT DISTRICT,SIOUX FORKS N,Treatment,Fires Ignited on FWS Lands by FWS,Sioux Falls SD,Prescribed Fire,5/3/2011,5/3/2011,5/3/2011,43.55564406,-95.20307584,Flat,Flat,0-25,308,308
MNGLR,GLACIAL RIDGE NATIONAL WILDLIFE REFUGE,TILDEN 35,Treatment,Fires Ignited on FWS Lands by FWS,Detroit Lakes,Prescribed Fire,5/19/2011,5/19/2011,5/19/2011,47.681,-96.248,Flat,Flat,0-25,156,156
MNBNR,MORRIS WETLAND MANAGEMENT DISTRICT,TWIN LAKES EAST,Treatment,Fires Ignited on FWS Lands by FWS,ABR,Prescribed Fire,5/18/2011,5/18/2011,5/18/2011,45.346,-96.3751,Flat,Flat,0-25,10,10
MNBNR,MORRIS WETLAND MANAGEMENT DISTRICT,JORGENSON WEST,Treatment,Fires Ignited on FWS Lands by FWS,MSP,Prescribed Fire,5/16/2011,5/16/2011,5/16/2011,45.7543,-95.5351,Flat,Flat,0-25,94,94
MNBNR,MORRIS WETLAND MANAGEMENT DISTRICT,GROVE LAKE,Treatment,Fires Ignited on FWS Lands by FWS,mpx,Prescribed Fire,5/6/2011,5/6/2011,5/6/2011,45.6067,-95.2206,Flat,Flat,0-25,483,483
MNBNR,MORRIS WETLAND MANAGEMENT DISTRICT,JACKSON,Treatment,Fires Ignited on FWS Lands by FWS,mpx,Prescribed Fire,5/6/2011,5/6/2011,5/6/2011,45.6638,-95.567,Flat,Flat,0-25,58,58
MNFFR,FERGUS FALLS WETLAND MANAGEMENT DISTRICT,PELICAN CREEK NORTH,Treatment,Fires Ignited on FWS Lands by FWS,8376650a,Prescribed Fire,9/9/2011,9/9/2011,9/9/2011,46.078306,-95.866981,Flat,Flat,0-25,28,28
MNBNR,MORRIS WETLAND MANAGEMENT DISTRICT,BENSON LAKE WEST,Treatment,Fires Ignited on FWS Lands by FWS,mpx,Prescribed Fire,5/11/2011,5/11/2011,5/11/2011,45.4642,-95.5212,Flat,Flat,0-25,78,78
MNSBR,SHERBURNE NATIONAL WILDLIFE REFUGE,BLUE HILL PILES,Treatment,Fires Ignited on FWS Lands by FWS,,Prescribed Fire,2/15/2011,2/15/2011,2/15/2011,45.50527778,-93.71833333,Flat,Flat,0-25,13,13
MNGLR,GLACIAL RIDGE NATIONAL WILDLIFE REFUGE,PATCH BURN 1-2,Treatment,Fires Ignited on FWS Lands by FWS,Detroit Lakes,Prescribed Fire,5/16/2011,5/16/2011,5/16/2011,47.705,-96.313,Flat,Flat,0-25,370,370
MNBNR,MORRIS WETLAND MANAGEMENT DISTRICT,REESE EASEMENT 28G-1,Treatment,Fires Ignited on FWS Lands by FWS,mpx,Prescribed Fire,5/18/2011,5/18/2011,5/18/2011,45.4914,-95.6174,Flat,Flat,0-25,25,25
MNBNR,MORRIS WETLAND MANAGEMENT DISTRICT,LAWRENCE EAST,Treatment,Fires Ignited on FWS Lands by FWS,abr,Prescribed Fire,4/28/2011,4/28/2011,4/28/2011,45.6134,-96.62,Flat,Flat,0-25,234,234
MNBNR,MORRIS WETLAND MANAGEMENT DISTRICT,COLBERT,Treatment,Fires Ignited on FWS Lands by FWS,mpx,Prescribed Fire,5/5/2011,5/5/2011,5/5/2011,44.9006,-96.1904,Flat,Flat,0-25,180,180
MNFFR,FERGUS FALLS WETLAND MANAGEMENT DISTRICT,RIDGEWAY NW,Treatment,Fires Ignited on FWS Lands by FWS,8376650a,Prescribed Fire,9/8/2011,9/8/2011,9/8/2011,46.250969,-96.207972,Flat,Flat,0-25,80,80
MNFFR,FERGUS FALLS WETLAND MANAGEMENT DISTRICT,TOWNSEND NE,Treatment,Fires Ignited on FWS Lands by FWS,8376650a,Prescribed Fire,9/26/2011,9/26/2011,9/26/2011,46.265,-96.062778,Flat,Flat,0-25,8,8
MNBNR,MORRIS WETLAND MANAGEMENT DISTRICT,GLACIAL LAKE,Treatment,Fires Ignited on FWS Lands by FWS,mpx,Prescribed Fire,5/11/2011,5/11/2011,5/11/2011,45.5335,-95.5388,Flat,Flat,0-25,40,40
MNBGR,BIG STONE NATIONAL WILDLIFE REFUGE,HOAG SOUTH,Treatment,Fires Ignited on FWS Lands by FWS,,Prescribed Fire,5/7/2011,5/7/2011,5/7/2011,44.36913,-96.20756,Flat,Flat,0-25,196,196
MNBGR,BIG STONE NATIONAL WILDLIFE REFUGE,HOAG SOUTH,Treatment,Fires Ignited on FWS Lands by FWS,,Prescribed Fire,5/7/2011,5/7/2011,5/7/2011,44.36913,-96.20756,Flat,Flat,0-25,196,196
MNBGR,BIG STONE NATIONAL WILDLIFE REFUGE,BRL WEST,Treatment,Fires Ignited on FWS Lands by FWS,,Prescribed Fire,5/10/2011,5/10/2011,5/10/2011,44.33126,-95.90945,Flat,Flat,0-25,153,153
MNSBR,SHERBURNE NATIONAL WILDLIFE REFUGE,EDSON PILES 2,Treatment,Fires Ignited on FWS Lands by FWS,,Prescribed Fire,3/2/2011,3/2/2011,3/2/2011,45.49388889,-93.66222222,Flat,Flat,0-25,29,29
MNLFR,LITCHFIELD WETLAND MANAGEMENT DISTRICT,RANDALL B,Treatment,Fires Ignited on FWS Lands by FWS,214001,Prescribed Fire,5/3/2011,5/3/2011,5/3/2011,45.39,-95.20611111,Flat,Flat,0-25,237,237
MNLFR,LITCHFIELD WETLAND MANAGEMENT DISTRICT,REYNOLDS,Treatment,Fires Ignited on FWS Lands by FWS,214001,Prescribed Fire,5/6/2011,5/6/2011,5/6/2011,45.00972222,-95.17083333,Flat,Flat,0-25,147,147
MNAGR,AGASSIZ NATIONAL WILDLIFE REFUGE,MAINTENANCE CENTER WOODLOT,Treatment,Fires Ignited on FWS Lands by FWS,,Prescribed Fire,5/18/2011,5/18/2011,5/18/2011,48.295395,-95.858376,Flat,Flat,0-25,10,10
MNLFR,LITCHFIELD WETLAND MANAGEMENT DISTRICT,ACTON,Treatment,Fires Ignited on FWS Lands by FWS,214001,Prescribed Fire,4/13/2011,4/13/2011,4/13/2011,45.135,-94.6675,Flat,Flat,0-25,92,92
MNWWR,WINDOM WETLAND MANAGEMENT DISTRICT,TWIN LAKE S,Treatment,Fires Ignited on FWS Lands by FWS,Twin Cities MN,Prescribed Fire,5/2/2011,5/2/2011,5/2/2011,43.5743002,-93.44270617,Flat,Flat,0-25,227,227
MNBNR,MORRIS WETLAND MANAGEMENT DISTRICT,OLSON WEST,Treatment,Fires Ignited on FWS Lands by FWS,ABR,Prescribed Fire,5/18/2011,5/18/2011,5/18/2011,45.4058,-96.1217,Flat,Flat,0-25,149,149
MNBNR,MORRIS WETLAND MANAGEMENT DISTRICT,SMITH WEST ,Treatment,Fires Ignited on FWS Lands by FWS,MSP,Prescribed Fire,5/16/2011,5/16/2011,5/16/2011,45.6674,-96.0258,Flat,Flat,0-25,50,50
MNFFR,FERGUS FALLS WETLAND MANAGEMENT DISTRICT,RUNESTONE,Treatment,Fires Ignited on FWS Lands by FWS,8376650a,Prescribed Fire,9/7/2011,9/7/2011,9/7/2011,45.804722,-95.656056,Flat,Flat,0-25,18,18
MNWWR,WINDOM WETLAND MANAGEMENT DISTRICT,KRAUSE HABITAT EASEMENT (LANDOWNER CONDUCTED),Treatment,Fires Ignited on FWS Lands by FWS,Twin Cities MN,Prescribed Fire,5/6/2011,5/6/2011,5/6/2011,43.82721679,-94.11228084,Flat,Flat,0-25,46,46
MNAGR,AGASSIZ NATIONAL WILDLIFE REFUGE,DAHL CONTROL 36A WEST,Treatment,Fires Ignited on FWS Lands by FWS,,Prescribed Fire,5/18/2011,5/18/2011,5/18/2011,48.321335,-95.894609,Flat,Flat,0-25,4,4
MNAGR,AGASSIZ NATIONAL WILDLIFE REFUGE,DAHL SAVANNAH PRAIRIE&PLOT-EAST,Treatment,Fires Ignited on FWS Lands by FWS,,Prescribed Fire,5/18/2011,5/18/2011,5/18/2011,48.315639,-95.882152,Flat,Flat,0-25,18,18
MNBNR,MORRIS WETLAND MANAGEMENT DISTRICT,KILL,Treatment,Fires Ignited on FWS Lands by FWS,MSP,Prescribed Fire,5/16/2011,5/16/2011,5/16/2011,45.7169,-95.0387,Flat,Flat,0-25,80,80
MNBNR,MORRIS WETLAND MANAGEMENT DISTRICT,POMME DE TERRE RIVER SOUTH,Treatment,Fires Ignited on FWS Lands by FWS,MSP,Prescribed Fire,5/16/2011,5/16/2011,5/16/2011,45.713,-95.8483,Flat,Flat,0-25,115,115
MNGLR,GLACIAL RIDGE NATIONAL WILDLIFE REFUGE,PROULX,Treatment,Fires Ignited on FWS Lands by FWS,Detroit Lakes,Prescribed Fire,5/25/2011,5/25/2011,5/25/2011,47.675,-96.245,Flat,Flat,0-25,6,6
MNWWR,WINDOM WETLAND MANAGEMENT DISTRICT,PIERCE LAKE N,Treatment,Fires Ignited on FWS Lands by FWS,Twin Cities MN,Prescribed Fire,5/2/2011,5/2/2011,5/2/2011,43.6106575,-94.56618657,Flat,Flat,0-25,116,116
MNBNR,MORRIS WETLAND MANAGEMENT DISTRICT,LOEN NE,Treatment,Fires Ignited on FWS Lands by FWS,mpx,Prescribed Fire,5/18/2011,5/18/2011,5/18/2011,45.3875,-95.4833,Flat,Flat,0-25,120,120
MNBNR,MORRIS WETLAND MANAGEMENT DISTRICT,HILLMAN SOUTH,Treatment,Fires Ignited on FWS Lands by FWS,abr,Prescribed Fire,5/7/2011,5/7/2011,5/7/2011,45.2804,-96.2942,Flat,Flat,0-25,65,65
MNBGR,BIG STONE NATIONAL WILDLIFE REFUGE,SYNDICATE/LUND,Treatment,Fires Ignited on FWS Lands by FWS,,Prescribed Fire,4/25/2011,4/25/2011,4/25/2011,45.23198,-96.34777,Flat,Flat,0-25,306,306
MNBGR,BIG STONE NATIONAL WILDLIFE REFUGE,YELLOWBANK SOUTH,Treatment,Fires Ignited on FWS Lands by FWS,,Prescribed Fire,5/11/2011,5/11/2011,5/11/2011,45.22465,-96.3548,Flat,Flat,0-25,47,47
MNBGR,BIG STONE NATIONAL WILDLIFE REFUGE,YELLOWBANK SOUTH,Treatment,Fires Ignited on FWS Lands by FWS,,Prescribed Fire,5/11/2011,5/11/2011,5/11/2011,45.22465,-96.3548,Flat,Flat,0-25,47,47
MNWWR,WINDOM WETLAND MANAGEMENT DISTRICT,IOWA - CHICAGO & EASTERN S,Treatment,Fires Ignited on FWS Lands by FWS,Twin Cities MN,Prescribed Fire,5/4/2011,5/4/2011,5/4/2011,43.66776879,-93.52618966,Flat,Flat,0-25,38,38
MNLFR,LITCHFIELD WETLAND MANAGEMENT DISTRICT,CASEY LAKE A,Treatment,Fires Ignited on FWS Lands by FWS,214001,Prescribed Fire,5/10/2011,5/10/2011,5/10/2011,45.08944444,-94.47888889,Flat,Flat,0-25,17,17
MNLFR,LITCHFIELD WETLAND MANAGEMENT DISTRICT,CARLSON LAKE C,Treatment,Fires Ignited on FWS Lands by FWS,214001,Prescribed Fire,4/25/2011,4/25/2011,4/25/2011,45.2275,-94.94916667,Flat,Flat,0-25,42,42
MNFFR,FERGUS FALLS WETLAND MANAGEMENT DISTRICT,KNOLLWOOD OFFICE,Treatment,Fires Ignited on FWS Lands by FWS,8376650a,Prescribed Fire,4/25/2011,4/25/2011,4/25/2011,46.236389,-96.0425,Flat,Flat,0-25,5,5
MNFFR,FERGUS FALLS WETLAND MANAGEMENT DISTRICT,DEMAREE E,Treatment,Fires Ignited on FWS Lands by FWS,8376650a,Prescribed Fire,5/7/2011,5/7/2011,5/7/2011,46.066724,-96.032556,Flat,Flat,0-25,127,127
MNDLR,DETROIT LAKES WETLAND MANAGEMENT DISTRICT,SETTER NE 2011,Treatment,Fires Ignited on FWS Lands by FWS,,Prescribed Fire,5/7/2011,5/7/2011,5/7/2011,46.907,-96.024,Flat,Flat,0-25,112,112
MNDLR,DETROIT LAKES WETLAND MANAGEMENT DISTRICT,MATTER EAST 2011,Treatment,Fires Ignited on FWS Lands by FWS,,Prescribed Fire,4/25/2011,4/25/2011,4/25/2011,47.015,-95.977,Flat,Flat,0-25,75,75
MNAGR,AGASSIZ NATIONAL WILDLIFE REFUGE,POOL 8,Treatment,Fires Ignited on FWS Lands by FWS,,Prescribed Fire,9/28/2011,9/28/2011,9/28/2011,48.358902,-96.015341,Flat,Flat,0-25,1139,1139
MNBGR,BIG STONE NATIONAL WILDLIFE REFUGE,BISON PASTURE OUTCROP,Treatment,Fires Ignited on FWS Lands by FWS,,Prescribed Fire,5/2/2011,5/2/2011,5/2/2011,45.25908,-96.37772,Flat,Flat,0-25,15,15
MNBGR,BIG STONE NATIONAL WILDLIFE REFUGE,BISON PASTURE OUTCROP,Treatment,Fires Ignited on FWS Lands by FWS,,Prescribed Fire,5/2/2011,5/2/2011,5/2/2011,45.25908,-96.37772,Flat,Flat,0-25,15,15
MNLFR,LITCHFIELD WETLAND MANAGEMENT DISTRICT,CEDAR MILLS C,Treatment,Fires Ignited on FWS Lands by FWS,214001,Prescribed Fire,5/26/2011,5/26/2011,5/26/2011,44.93861111,-94.56611111,Flat,Flat,0-25,92,92
MNWWR,WINDOM WETLAND MANAGEMENT DISTRICT,SHEEK HABITAT EASEMENT (LANDOWNER CONDUCTED),Treatment,Fires Ignited on FWS Lands by FWS,Twin Cities MN,Prescribed Fire,5/7/2011,5/7/2011,5/7/2011,43.72100235,-94.77184013,Flat,Flat,0-25,22,22
MNFFR,FERGUS FALLS WETLAND MANAGEMENT DISTRICT,ROSSOW,Treatment,Fires Ignited on FWS Lands by FWS,8376650a,Prescribed Fire,10/20/2011,10/20/2011,10/20/2011,46.215083,-96.077167,Flat,Flat,0-25,82,82
MNLFR,LITCHFIELD WETLAND MANAGEMENT DISTRICT,JOHNSON,Treatment,Fires Ignited on FWS Lands by FWS,214001,Prescribed Fire,4/29/2011,4/29/2011,4/29/2011,44.99444444,-94.98472222,Flat,Flat,0-25,80,80
MNLFR,LITCHFIELD WETLAND MANAGEMENT DISTRICT,LAKE LILLIAN,Treatment,Fires Ignited on FWS Lands by FWS,214001,Prescribed Fire,5/19/2011,5/19/2011,5/19/2011,44.97,-94.90388889,Flat,Flat,0-25,323,323
MNLFR,LITCHFIELD WETLAND MANAGEMENT DISTRICT,PEIFER SCHOOL C,Treatment,Fires Ignited on FWS Lands by FWS,214001,Prescribed Fire,5/19/2011,5/19/2011,5/19/2011,45.13722222,-94.43555556,Flat,Flat,0-25,137,137
MNFFR,FERGUS FALLS WETLAND MANAGEMENT DISTRICT,HISTORICAL SOCIETY,Treatment,Fires Ignited on FWS Lands by FWS,8376650a,Prescribed Fire,5/3/2011,5/3/2011,5/3/2011,45.907571,-95.774272,Flat,Flat,0-25,255,255
MNFFR,FERGUS FALLS WETLAND MANAGEMENT DISTRICT,HOFF-FRONNING WEST,Treatment,Fires Ignited on FWS Lands by FWS,8376650a,Prescribed Fire,5/2/2011,5/2/2011,5/2/2011,46.184616,-96.041973,Flat,Flat,0-25,50,50
MNBNR,MORRIS WETLAND MANAGEMENT DISTRICT,BUCHOLZ,Treatment,Fires Ignited on FWS Lands by FWS,MXP,Prescribed Fire,10/3/2011,10/3/2011,10/3/2011,45.2516,-96.2695,Flat,Flat,0-25,5,5
MNLFR,LITCHFIELD WETLAND MANAGEMENT DISTRICT,PHASIANUS 4,Treatment,Fires Ignited on FWS Lands by FWS,214001,Prescribed Fire,4/18/2011,4/18/2011,4/18/2011,44.80972222,-94.27722222,Flat,Flat,0-25,146,146
MNBGR,BIG STONE NATIONAL WILDLIFE REFUGE,HOERNEMANN NORTH,Treatment,Fires Ignited on FWS Lands by FWS,,Prescribed Fire,9/7/2011,9/7/2011,9/7/2011,45.25697,-96.36002,Flat,Flat,0-25,25,25
MNBGR,BIG STONE NATIONAL WILDLIFE REFUGE,HOERNEMANN NORTH,Treatment,Fires Ignited on FWS Lands by FWS,,Prescribed Fire,9/7/2011,9/7/2011,9/7/2011,45.25697,-96.36002,Flat,Flat,0-25,25,25
MNMVR,MINNESOTA VALLEY NATIONAL WILDLIFE REFUGE,BLOOMINGTON VC FY12,Treatment,Fires Ignited on FWS Lands by FWS,,Prescribed Fire,10/20/2011,10/20/2011,10/20/2011,44.86388889,-93.21611111,Flat,Flat,0-25,3,3
MNSBR,SHERBURNE NATIONAL WILDLIFE REFUGE,SHOP UNIT RX,Treatment,Fires Ignited on FWS Lands by FWS,,Prescribed Fire,11/17/2011,11/17/2011,11/17/2011,45.53083333,-93.74555556,Flat,Flat,0-25,8,8
MNCMR,CRANE MEADOWS NATIONAL WILDLIFE REFUGE,CRANE MEADOWS PILES,Treatment,Fires Ignited on FWS Lands by FWS,,Prescribed Fire,1/13/2011,1/13/2011,1/13/2011,45.95222222,-94.18083333,Flat,Flat,0-25,5,5
MNRYR,RYDELL NATIONAL WILDLIFE REFUGE,CHURCH LAKE,Treatment,Fires Ignited on FWS Lands by FWS,,Prescribed Fire,5/6/2011,5/6/2011,5/6/2011,47.656,-96.094,Flat,Flat,0-25,68,68
MNLFR,LITCHFIELD WETLAND MANAGEMENT DISTRICT,PEIFER SCHOOL B,Treatment,Fires Ignited on FWS Lands by FWS,214001,Prescribed Fire,5/19/2011,5/19/2011,5/19/2011,45.13583333,-94.44361111,Flat,Flat,0-25,35,35
MNLFR,LITCHFIELD WETLAND MANAGEMENT DISTRICT,PHASIANUS 3,Treatment,Fires Ignited on FWS Lands by FWS,214001,Prescribed Fire,4/18/2011,4/18/2011,4/18/2011,44.81027778,-94.2875,Flat,Flat,0-25,40,40
MNGLR,GLACIAL RIDGE NATIONAL WILDLIFE REFUGE,OXCART 3-3,Treatment,Fires Ignited on FWS Lands by FWS,Detroit Lakes,Prescribed Fire,9/19/2011,9/19/2011,9/19/2011,47.723,-96.327,Flat,Flat,0-25,80,80
MNFFR,FERGUS FALLS WETLAND MANAGEMENT DISTRICT,WIEGERS WEST,Treatment,Fires Ignited on FWS Lands by FWS,8376650a,Prescribed Fire,9/28/2011,9/28/2011,9/28/2011,46.349111,-96.125153,Flat,Flat,0-25,50,50
MNBNR,MORRIS WETLAND MANAGEMENT DISTRICT,EDWARDS NORTHEAST,Treatment,Fires Ignited on FWS Lands by FWS,mpx,Prescribed Fire,5/11/2011,5/11/2011,5/11/2011,45.568,-95.8271,Flat,Flat,0-25,48,48
MNBNR,MORRIS WETLAND MANAGEMENT DISTRICT,GULLICKSON NORTH,Treatment,Fires Ignited on FWS Lands by FWS,mpx,Prescribed Fire,5/24/2011,5/24/2011,5/24/2011,45.6638,-95.567,Flat,Flat,0-25,23,23
MNBGR,BIG STONE NATIONAL WILDLIFE REFUGE,ANDERSON EAST,Treatment,Fires Ignited on FWS Lands by FWS,,Prescribed Fire,5/3/2011,5/3/2011,5/3/2011,45.21725,-96.29961,Flat,Flat,0-25,194,194
MNBGR,BIG STONE NATIONAL WILDLIFE REFUGE,ANDERSON EAST,Treatment,Fires Ignited on FWS Lands by FWS,,Prescribed Fire,5/3/2011,5/3/2011,5/3/2011,45.21725,-96.29961,Flat,Flat,0-25,194,194
MNBGR,BIG STONE NATIONAL WILDLIFE REFUGE,ATR OUTCROPS,Treatment,Fires Ignited on FWS Lands by FWS,,Prescribed Fire,5/6/2011,5/6/2011,5/6/2011,45.25929,-96.41293,Flat,Flat,0-25,28,28
MNBGR,BIG STONE NATIONAL WILDLIFE REFUGE,ATR OUTCROPS,Treatment,Fires Ignited on FWS Lands by FWS,,Prescribed Fire,5/6/2011,5/6/2011,5/6/2011,45.25929,-96.41293,Flat,Flat,0-25,28,28
MNBGR,BIG STONE NATIONAL WILDLIFE REFUGE,TUCHOLKE,Treatment,Fires Ignited on FWS Lands by FWS,,Prescribed Fire,5/15/2011,5/15/2011,5/15/2011,45.25254,-96.29844,Flat,Flat,0-25,117,117
MNBGR,BIG STONE NATIONAL WILDLIFE REFUGE,TUCHOLKE,Treatment,Fires Ignited on FWS Lands by FWS,,Prescribed Fire,5/15/2011,5/15/2011,5/15/2011,45.25254,-96.29844,Flat,Flat,0-25,117,117
MNLFR,LITCHFIELD WETLAND MANAGEMENT DISTRICT,RANDALL A,Treatment,Fires Ignited on FWS Lands by FWS,214001,Prescribed Fire,5/11/2011,5/11/2011,5/11/2011,45.39527778,-95.20388889,Flat,Flat,0-25,278,278
MNBGR,BIG STONE NATIONAL WILDLIFE REFUGE,MUELLER WEST,Treatment,Fires Ignited on FWS Lands by FWS,,Prescribed Fire,4/28/2011,4/28/2011,4/28/2011,45.22029,-96.3772,Flat,Flat,0-25,37,37
MNBGR,BIG STONE NATIONAL WILDLIFE REFUGE,MUELLER WEST,Treatment,Fires Ignited on FWS Lands by FWS,,Prescribed Fire,4/28/2011,4/28/2011,4/28/2011,45.22029,-96.3772,Flat,Flat,0-25,37,37
MNBGR,BIG STONE NATIONAL WILDLIFE REFUGE,BRL WEST #2,Treatment,Fires Ignited on FWS Lands by FWS,,Prescribed Fire,5/17/2011,5/17/2011,5/17/2011,44.33126,-95.90945,Flat,Flat,0-25,56,56
MNBGR,BIG STONE NATIONAL WILDLIFE REFUGE,BRL WEST #2,Treatment,Fires Ignited on FWS Lands by FWS,,Prescribed Fire,5/17/2011,5/17/2011,5/17/2011,44.33126,-95.90945,Flat,Flat,0-25,56,56
MNBGR,BIG STONE NATIONAL WILDLIFE REFUGE,LEE SEED PLUS,Treatment,Fires Ignited on FWS Lands by FWS,,Prescribed Fire,6/1/2011,6/1/2011,6/1/2011,45.22819,-96.38986,Flat,Flat,0-25,82,82
MNBGR,BIG STONE NATIONAL WILDLIFE REFUGE,LEE SEED PLUS,Treatment,Fires Ignited on FWS Lands by FWS,,Prescribed Fire,6/1/2011,6/1/2011,6/1/2011,45.22819,-96.38986,Flat,Flat,0-25,82,82
MNTMR,TAMARAC NATIONAL WILDLIFE REFUGE,EQUAY LAKE PINES,Treatment,Fires Ignited on FWS Lands by FWS,,Prescribed Fire,9/8/2011,9/8/2011,9/8/2011,46.98,-95.6,Flat,Flat,0-25,5,5
MNLFR,LITCHFIELD WETLAND MANAGEMENT DISTRICT,LITCHFIELD STATION PILE,Treatment,Fires Ignited on FWS Lands by FWS,214001,Prescribed Fire,2/15/2011,2/15/2011,2/15/2011,45.07027778,-94.53194444,South,Flat,0-25,1,1
MNLFR,LITCHFIELD WETLAND MANAGEMENT DISTRICT,CARLSON LAKE B,Treatment,Fires Ignited on FWS Lands by FWS,214001,Prescribed Fire,5/2/2011,5/2/2011,5/2/2011,45.22833333,-94.95861111,Flat,Flat,0-25,98,98
MNLFR,LITCHFIELD WETLAND MANAGEMENT DISTRICT,PENN A,Treatment,Fires Ignited on FWS Lands by FWS,214001,Prescribed Fire,5/17/2011,5/17/2011,5/17/2011,44.65361111,-94.30555556,Flat,Flat,0-25,180,180
MNLFR,LITCHFIELD WETLAND MANAGEMENT DISTRICT,BOON LAKE B,Treatment,Fires Ignited on FWS Lands by FWS,214001,Prescribed Fire,5/16/2011,5/16/2011,5/16/2011,44.86111111,-94.60055556,Flat,Flat,0-25,157,157
MNFFR,FERGUS FALLS WETLAND MANAGEMENT DISTRICT,BATES,Treatment,Fires Ignited on FWS Lands by FWS,8376650a,Prescribed Fire,4/28/2011,4/28/2011,4/28/2011,45.88440506,-95.99506807,Flat,Flat,0-25,110,110
MNFFR,FERGUS FALLS WETLAND MANAGEMENT DISTRICT,BLAKESLEY NORTH,Treatment,Fires Ignited on FWS Lands by FWS,8376650a,Prescribed Fire,4/28/2011,4/28/2011,4/28/2011,45.9769,-95.8766,Flat,Flat,0-25,113,113
MNDLR,DETROIT LAKES WETLAND MANAGEMENT DISTRICT,PAUL JR 2011,Treatment,Fires Ignited on FWS Lands by FWS,,Prescribed Fire,5/12/2011,5/12/2011,5/12/2011,47.222,-95.82,Flat,Flat,0-25,48,48
MNDLR,DETROIT LAKES WETLAND MANAGEMENT DISTRICT,MELBY 2011,Treatment,Fires Ignited on FWS Lands by FWS,,Prescribed Fire,5/2/2011,5/2/2011,5/2/2011,47.003,-96.357,Flat,Flat,0-25,77,77
MNDLR,DETROIT LAKES WETLAND MANAGEMENT DISTRICT,BUCHL 2011,Treatment,Fires Ignited on FWS Lands by FWS,,Prescribed Fire,4/28/2011,4/28/2011,4/28/2011,46.057,-95.995,Flat,Flat,0-25,461,461
MNFFR,FERGUS FALLS WETLAND MANAGEMENT DISTRICT,MAVIS TRAIL,Treatment,Fires Ignited on FWS Lands by FWS,8376650a,Prescribed Fire,5/15/2011,5/15/2011,5/15/2011,46.292,-95.801,Flat,Flat,0-25,22,22
MNFFR,FERGUS FALLS WETLAND MANAGEMENT DISTRICT,BAKKE NORTH,Treatment,Fires Ignited on FWS Lands by FWS,8376650a,Prescribed Fire,5/2/2011,5/2/2011,5/2/2011,46.178667,-96.02875,Flat,Flat,0-25,152,152
MNFFR,FERGUS FALLS WETLAND MANAGEMENT DISTRICT,GREEN NORTH,Treatment,Fires Ignited on FWS Lands by FWS,8376650a,Prescribed Fire,5/11/2011,5/11/2011,5/11/2011,45.9165,-96.1176,Flat,Flat,0-25,164,164
MNDLR,DETROIT LAKES WETLAND MANAGEMENT DISTRICT,FUGLIE NORTH,Treatment,Fires Ignited on FWS Lands by FWS,,Prescribed Fire,5/3/2011,5/3/2011,5/3/2011,47.073,-96.316,Flat,Flat,0-25,557,557
MNDLR,DETROIT LAKES WETLAND MANAGEMENT DISTRICT,LARSON 2011,Treatment,Fires Ignited on FWS Lands by FWS,,Prescribed Fire,6/1/2011,6/1/2011,6/1/2011,46.722,-96.138,Flat,Flat,0-25,135,135
MNFFR,FERGUS FALLS WETLAND MANAGEMENT DISTRICT,TOWNSEND EAST,Treatment,Fires Ignited on FWS Lands by FWS,8376650a,Prescribed Fire,5/15/2011,5/15/2011,5/15/2011,46.258319,-96.058555,Flat,Flat,0-25,60,60
MNGLR,GLACIAL RIDGE NATIONAL WILDLIFE REFUGE,PBG 1-3,Treatment,Fires Ignited on FWS Lands by FWS,Detroit Lakes,Prescribed Fire,7/12/2011,7/12/2011,7/12/2011,47.7111,-96.3331,Flat,Flat,0-25,156,156
MNLFR,LITCHFIELD WETLAND MANAGEMENT DISTRICT,HENJUM LAKE A,Treatment,Fires Ignited on FWS Lands by FWS,214001,Prescribed Fire,5/18/2011,5/18/2011,5/18/2011,45.27722222,-95.19083333,Flat,Flat,0-25,134,134
MNLFR,LITCHFIELD WETLAND MANAGEMENT DISTRICT,RAMBOW,Treatment,Fires Ignited on FWS Lands by FWS,214001,Prescribed Fire,4/19/2011,4/19/2011,4/19/2011,45.07611111,-95.21166667,Flat,Flat,0-25,140,140
MNFFR,FERGUS FALLS WETLAND MANAGEMENT DISTRICT,ELLINGSON,Treatment,Fires Ignited on FWS Lands by FWS,8376650a,Prescribed Fire,5/3/2011,5/3/2011,5/3/2011,45.89211,-95.75447,Flat,Flat,0-25,65,65
MNBNR,MORRIS WETLAND MANAGEMENT DISTRICT,ANDERSON,Treatment,Fires Ignited on FWS Lands by FWS,,Prescribed Fire,10/20/2011,10/20/2011,10/20/2011,45.4134,-96.2216,Flat,Flat,0-25,23,23
MNFFR,FERGUS FALLS WETLAND MANAGEMENT DISTRICT,BUSKO WEST,Treatment,Fires Ignited on FWS Lands by FWS,8376650a,Prescribed Fire,5/11/2011,5/11/2011,5/11/2011,46.185148,-96.124527,Flat,Flat,0-25,123,123
MNDLR,DETROIT LAKES WETLAND MANAGEMENT DISTRICT,MEE 2011,Treatment,Fires Ignited on FWS Lands by FWS,,Prescribed Fire,5/11/2011,5/11/2011,5/11/2011,47.5,-95.82,Flat,Flat,0-25,225,225
MNDLR,DETROIT LAKES WETLAND MANAGEMENT DISTRICT,MARKS 2011,Treatment,Fires Ignited on FWS Lands by FWS,,Prescribed Fire,4/25/2011,4/25/2011,4/25/2011,46.946,-96.143,Flat,Flat,0-25,360,360
MNFFR,FERGUS FALLS WETLAND MANAGEMENT DISTRICT,STAFF EAST,Treatment,Fires Ignited on FWS Lands by FWS,8376650a,Prescribed Fire,5/16/2011,5/16/2011,5/16/2011,46.53123987,-95.84799536,Flat,Flat,0-25,100,100
MNDLR,DETROIT LAKES WETLAND MANAGEMENT DISTRICT,SHAY FALL RX #2,Treatment,Fires Ignited on FWS Lands by FWS,,Prescribed Fire,11/2/2011,11/2/2011,11/2/2011,46.104,-96.094,Flat,Flat,0-25,158,158
MNLFR,LITCHFIELD WETLAND MANAGEMENT DISTRICT,GOOSE LAKE B,Treatment,Fires Ignited on FWS Lands by FWS,214001,Prescribed Fire,5/25/2011,5/25/2011,5/25/2011,44.86583333,-94.61361111,Flat,Flat,0-25,86,86
MNFFR,FERGUS FALLS WETLAND MANAGEMENT DISTRICT,AABERG,Treatment,Fires Ignited on FWS Lands by FWS,8376650a,Prescribed Fire,4/27/2011,4/27/2011,4/27/2011,46.436336,-96.163789,Flat,Flat,0-25,120,120
MNSBR,SHERBURNE NATIONAL WILDLIFE REFUGE,WOODLAND PILES,Treatment,Fires Ignited on FWS Lands by FWS,,Prescribed Fire,3/7/2011,3/7/2011,3/7/2011,45.47916667,-93.71305556,Flat,Flat,0-25,5,5
MNTMR,TAMARAC NATIONAL WILDLIFE REFUGE,VISITOR CENTER,Treatment,Fires Ignited on FWS Lands by FWS,,Prescribed Fire,5/3/2011,5/3/2011,5/3/2011,46.956,-95.654,Flat,Flat,0-25,1,1
MNDLR,DETROIT LAKES WETLAND MANAGEMENT DISTRICT,ZILMER NORTH 2011,Treatment,Fires Ignited on FWS Lands by FWS,,Prescribed Fire,5/25/2011,5/25/2011,5/25/2011,46.054,-96.446,Flat,Flat,0-25,1050,1050
MNDLR,DETROIT LAKES WETLAND MANAGEMENT DISTRICT,VAA 2011,Treatment,Fires Ignited on FWS Lands by FWS,,Prescribed Fire,4/27/2011,4/27/2011,4/27/2011,47.656,-96.817,Flat,Flat,0-25,137,137
MNFFR,FERGUS FALLS WETLAND MANAGEMENT DISTRICT,OLD HEADQUARTERS,Treatment,Fires Ignited on FWS Lands by FWS,8376650a,Prescribed Fire,5/11/2011,5/11/2011,5/11/2011,46.26365,-96.038989,Flat,Flat,0-25,12,12
WIWNR,UPPER MISSISSIPPI RIVER NATIONAL WILDLIFE AND FISH REFUGE-WINONA DISTRICT,WEAVER ISLAND,Treatment,Fires Ignited on FWS Lands by FWS,,Prescribed Fire,5/4/2011,5/4/2011,5/4/2011,44.21444444,-91.9025,Flat,Flat,0-25,17,17
MNDLR,DETROIT LAKES WETLAND MANAGEMENT DISTRICT,ZILMER PRAIRIE 2011,Treatment,Fires Ignited on FWS Lands by FWS,,Prescribed Fire,5/6/2011,5/6/2011,5/6/2011,47.054,-96.446,Flat,Flat,0-25,462,462
MNFFR,FERGUS FALLS WETLAND MANAGEMENT DISTRICT,KENSINGTON,Treatment,Fires Ignited on FWS Lands by FWS,8376650a,Prescribed Fire,5/17/2011,5/17/2011,5/17/2011,45.7683,-95.700203,Flat,Flat,0-25,110,110
MNDLR,DETROIT LAKES WETLAND MANAGEMENT DISTRICT,HOYKINS NORTH 2011,Treatment,Fires Ignited on FWS Lands by FWS,,Prescribed Fire,5/15/2011,5/15/2011,5/15/2011,46.932,-96.264,Flat,Flat,0-25,180,180
MNWWR,WINDOM WETLAND MANAGEMENT DISTRICT,HUNTER S,Treatment,Fires Ignited on FWS Lands by FWS,Sioux Falls SD,Prescribed Fire,5/10/2011,5/10/2011,5/10/2011,43.60715814,-95.15109239,Flat,Flat,0-25,102,102
MNSBR,SHERBURNE NATIONAL WILDLIFE REFUGE,FORKS BLACKLINE,Treatment,Fires Ignited on FWS Lands by FWS,,Prescribed Fire,11/29/2011,11/29/2011,11/29/2011,45.46527778,-93.65083333,Flat,Flat,0-25,1,1
MNDLR,DETROIT LAKES WETLAND MANAGEMENT DISTRICT,SHAY FALL RX #1,Treatment,Fires Ignited on FWS Lands by FWS,,Prescribed Fire,11/2/2011,11/2/2011,11/2/2011,46.104,-96.094,Flat,Flat,0-25,2,2
MNDLR,DETROIT LAKES WETLAND MANAGEMENT DISTRICT,HEADQUARTERS 2011,Treatment,Fires Ignited on FWS Lands by FWS,,Prescribed Fire,5/17/2011,5/17/2011,5/17/2011,46.84,-96.84,Flat,Flat,0-25,25,25
MNTMR,TAMARAC NATIONAL WILDLIFE REFUGE,BALSAM LAKE VC,Treatment,Fires Ignited on FWS Lands by FWS,,Prescribed Fire,5/3/2011,5/3/2011,5/3/2011,46.95,-95.69,Flat,Flat,0-25,2,2
MNLFR,LITCHFIELD WETLAND MANAGEMENT DISTRICT,CARLSON LAKE A,Treatment,Fires Ignited on FWS Lands by FWS,214001,Prescribed Fire,10/20/2011,10/20/2011,10/20/2011,45.22527778,-94.95472222,Flat,Flat,0-25,13,13
MNSBR,SHERBURNE NATIONAL WILDLIFE REFUGE,SHOP PILE 2,Treatment,Fires Ignited on FWS Lands by FWS,,Prescribed Fire,3/15/2011,3/15/2011,3/15/2011,45.53,-93.75166667,Flat,Flat,0-25,1,1
MNFFR,FERGUS FALLS WETLAND MANAGEMENT DISTRICT,POMME DE TERRE N,Treatment,Fires Ignited on FWS Lands by FWS,8376650a,Prescribed Fire,5/6/2011,5/6/2011,5/6/2011,46.027592,-95.899167,Flat,Flat,0-25,391,391
MNDLR,DETROIT LAKES WETLAND MANAGEMENT DISTRICT,CHEIF LAKE 2011,Treatment,Fires Ignited on FWS Lands by FWS,,Prescribed Fire,5/18/2011,5/18/2011,5/18/2011,47.04,-95.85,Flat,Flat,0-25,313,313
MNDLR,DETROIT LAKES WETLAND MANAGEMENT DISTRICT,LAGE 2011,Treatment,Fires Ignited on FWS Lands by FWS,,Prescribed Fire,5/11/2011,5/11/2011,5/11/2011,46.742,-96.138,Flat,Flat,0-25,84,84
MNDLR,DETROIT LAKES WETLAND MANAGEMENT DISTRICT,HEADQUARTERS FALL RX,Treatment,Fires Ignited on FWS Lands by FWS,,Prescribed Fire,11/8/2011,11/8/2011,11/8/2011,46.85,-96.84,Flat,Flat,0-25,19,19
MNFFR,FERGUS FALLS WETLAND MANAGEMENT DISTRICT,TEN MILE SE,Treatment,Fires Ignited on FWS Lands by FWS,8376650a,Prescribed Fire,5/24/2011,5/24/2011,5/24/2011,46.151883,-95.953822,Flat,Flat,0-25,91,91
MNFFR,FERGUS FALLS WETLAND MANAGEMENT DISTRICT,HEARTLAND INVESTMENT EAST,Treatment,Fires Ignited on FWS Lands by FWS,8376650a,Prescribed Fire,5/26/2011,5/26/2011,5/26/2011,45.829499,-96.071275,Flat,Flat,0-25,98,98
MNTMR,TAMARAC NATIONAL WILDLIFE REFUGE,EGG LAKE PINES S,Treatment,Fires Ignited on FWS Lands by FWS,,Prescribed Fire,5/19/2011,5/19/2011,5/19/2011,47.057,-95.968,Flat,Flat,0-25,15,15
MNMVR,MINNESOTA VALLEY NATIONAL WILDLIFE REFUGE,BLOOMINGTON VC,Treatment,Fires Ignited on FWS Lands by FWS,,Prescribed Fire,4/13/2011,4/13/2011,4/13/2011,44.86,-93.21638889,Flat,Flat,0-25,5,5
MNBNR,MORRIS WETLAND MANAGEMENT DISTRICT,SEIDL SEEDING,Treatment,Fires Ignited on FWS Lands by FWS,MPX,Prescribed Fire,11/30/2011,11/30/2011,11/30/2011,45.5183,-96.5056,Flat,Flat,0-25,13,13
MNCMR,CRANE MEADOWS NATIONAL WILDLIFE REFUGE,HEADQUATERS SOUTHEAST,Treatment,Fires Ignited on FWS Lands by FWS,,Prescribed Fire,4/7/2011,4/7/2011,4/7/2011,45.93166667,-94.25,Flat,Flat,0-25,49,49
MNCMR,CRANE MEADOWS NATIONAL WILDLIFE REFUGE,HEADQUATERS SOUTHEAST,Treatment,Fires Ignited on FWS Lands by FWS,,Prescribed Fire,4/7/2011,4/7/2011,4/7/2011,45.93166667,-94.25,Flat,Flat,0-25,49,49
MNDLR,DETROIT LAKES WETLAND MANAGEMENT DISTRICT,ARNESON EAST 2011,Treatment,Fires Ignited on FWS Lands by FWS,,Prescribed Fire,5/10/2011,5/10/2011,5/10/2011,46.853,-96.946,Flat,Flat,0-25,56,56
MNWWR,WINDOM WETLAND MANAGEMENT DISTRICT,HOLY TRINITY S,Treatment,Fires Ignited on FWS Lands by FWS,Sioux Falls SD,Prescribed Fire,5/10/2011,5/10/2011,5/10/2011,43.59133409,-95.14921354,Flat,Flat,0-25,121,121
MNTMR,TAMARAC NATIONAL WILDLIFE REFUGE,MALLARD LAKE PINES,Treatment,Fires Ignited on FWS Lands by FWS,,Prescribed Fire,5/19/2011,5/19/2011,5/19/2011,45.08527778,-95.56527778,North,Bench,0-25,16,16
MNDLR,DETROIT LAKES WETLAND MANAGEMENT DISTRICT,LETHENSTRUM,Treatment,Fires Ignited on FWS Lands by FWS,,Prescribed Fire,10/19/2011,10/19/2011,10/19/2011,46.869,-95.951,Flat,Flat,0-25,80,80
MNFFR,FERGUS FALLS WETLAND MANAGEMENT DISTRICT,NEUMAN,Treatment,Fires Ignited on FWS Lands by FWS,8376650a,Prescribed Fire,5/24/2011,5/24/2011,5/24/2011,46.20205,-96.08866,Flat,Flat,0-25,214,214
MNTMR,TAMARAC NATIONAL WILDLIFE REFUGE,EGG LAKE PINES N,Treatment,Fires Ignited on FWS Lands by FWS,,Prescribed Fire,5/19/2011,5/19/2011,5/19/2011,47.057,-95.968,Flat,Flat,0-25,38,38
MNWWR,WINDOM WETLAND MANAGEMENT DISTRICT,HALLS LAKE E,Treatment,Fires Ignited on FWS Lands by FWS,Twin Cities MN,Prescribed Fire,5/17/2011,5/17/2011,5/17/2011,43.70467596,-93.50981323,Flat,Flat,0-25,14,14
MNWWR,WINDOM WETLAND MANAGEMENT DISTRICT,TIMBER LAKE E,Treatment,Fires Ignited on FWS Lands by FWS,Sioux Falls SD,Prescribed Fire,6/4/2011,6/4/2011,6/4/2011,43.80174901,-95.21127868,Flat,Flat,0-25,156,156
MNLFR,LITCHFIELD WETLAND MANAGEMENT DISTRICT,CROW LAKE,Treatment,Fires Ignited on FWS Lands by FWS,214001,Prescribed Fire,10/31/2011,10/31/2011,10/31/2011,45.43944444,-95.07055556,Flat,Flat,0-25,20,20
MNLFR,LITCHFIELD WETLAND MANAGEMENT DISTRICT,HANSON LAKE PILE,Treatment,Fires Ignited on FWS Lands by FWS,214001,Prescribed Fire,6/28/2011,6/28/2011,6/28/2011,45.13166667,-94.61611111,Flat,Flat,0-25,1,1
MNBNR,MORRIS WETLAND MANAGEMENT DISTRICT,FROLAND SOUTH,Treatment,Fires Ignited on FWS Lands by FWS,mpx,Prescribed Fire,4/25/2011,4/25/2011,4/25/2011,45.5822,-95.537,Flat,Flat,0-25,52,52
MNWWR,WINDOM WETLAND MANAGEMENT DISTRICT,SIOUX FORKS W - SUMMER BURN ,Treatment,Fires Ignited on FWS Lands by FWS,Sioux Falls SD,Prescribed Fire,8/17/2011,8/17/2011,8/17/2011,43.53772768,-95.21401235,Flat,Flat,0-25,30,30
MNWWR,WINDOM WETLAND MANAGEMENT DISTRICT,MINNESOTA E,Treatment,Fires Ignited on FWS Lands by FWS,Sioux Falls SD,Prescribed Fire,5/17/2011,5/17/2011,5/17/2011,43.50488191,-95.3129649,Flat,Flat,0-25,201,201
MNGLR,GLACIAL RIDGE NATIONAL WILDLIFE REFUGE,OXCART 1-3 CATAIL,Treatment,Fires Ignited on FWS Lands by FWS,Detroit Lakes,Prescribed Fire,12/28/2011,12/28/2011,12/28/2011,47.7111,-96.3331,Flat,Flat,0-25,10,10
MNAGR,AGASSIZ NATIONAL WILDLIFE REFUGE,LOWER CCC,Treatment,Fires Ignited on FWS Lands by FWS,,Prescribed Fire,8/19/2011,8/19/2011,8/19/2011,48.345818,-95.889575,Flat,Flat,0-25,910,910
MNWWR,WINDOM WETLAND MANAGEMENT DISTRICT,LAKE BELLA N,Treatment,Fires Ignited on FWS Lands by FWS,Sioux Falls SD,Prescribed Fire,4/25/2011,4/25/2011,4/25/2011,43.5200948,-95.621215,Flat,Flat,0-25,70,70
MNAGR,AGASSIZ NATIONAL WILDLIFE REFUGE,POOL 8 TRIANGLE,Treatment,Fires Ignited on FWS Lands by FWS,,Prescribed Fire,5/16/2011,5/16/2011,5/16/2011,48.36839,-96.039897,Flat,Flat,0-25,24,24
MNBNR,MORRIS WETLAND MANAGEMENT DISTRICT,GLENWOOD,Treatment,Fires Ignited on FWS Lands by FWS,mpx,Prescribed Fire,5/19/2011,5/19/2011,5/19/2011,45.5889,-95.3197,Flat,Flat,0-25,146,146
MNBNR,MORRIS WETLAND MANAGEMENT DISTRICT,REESE EASEMENT 28G,Treatment,Fires Ignited on FWS Lands by FWS,mxp,Prescribed Fire,5/18/2011,5/18/2011,5/18/2011,45.4882,-95.6245,Flat,Flat,0-25,51,51
MNAGR,AGASSIZ NATIONAL WILDLIFE REFUGE,RODAHL TRIANGLE,Treatment,Fires Ignited on FWS Lands by FWS,,Prescribed Fire,10/5/2011,10/5/2011,10/5/2011,48.288696,-96.044902,Flat,Flat,0-25,616,616
MNRYR,RYDELL NATIONAL WILDLIFE REFUGE,HEADQUARTERS,Treatment,Fires Ignited on FWS Lands by FWS,,Prescribed Fire,5/6/2011,5/6/2011,5/6/2011,47.658,-96.097,Flat,Flat,0-25,45,45
MNBNR,MORRIS WETLAND MANAGEMENT DISTRICT,STATE LAKE,Treatment,Fires Ignited on FWS Lands by FWS,mpx,Prescribed Fire,4/25/2011,4/25/2011,4/25/2011,45.588,-95.3508,Flat,Flat,0-25,142,142
MNBNR,MORRIS WETLAND MANAGEMENT DISTRICT,GEYER NORTH,Treatment,Fires Ignited on FWS Lands by FWS,abr,Prescribed Fire,4/28/2011,4/28/2011,4/28/2011,45.5924,-96.4828,Flat,Flat,0-25,131,131
MNBNR,MORRIS WETLAND MANAGEMENT DISTRICT,ROTHI NORTH,Treatment,Fires Ignited on FWS Lands by FWS,mpx,Prescribed Fire,5/3/2011,5/3/2011,5/3/2011,45.3292,-96.2889,Flat,Flat,0-25,284,284
MNDLR,DETROIT LAKES WETLAND MANAGEMENT DISTRICT,WESTBURY ,Treatment,Fires Ignited on FWS Lands by FWS,,Prescribed Fire,5/7/2011,5/7/2011,5/7/2011,46.91,-95.908,Flat,Flat,0-25,40,40
MNFFR,FERGUS FALLS WETLAND MANAGEMENT DISTRICT,RED HEAD SLOUGH NORTH,Treatment,Fires Ignited on FWS Lands by FWS,8376650a,Prescribed Fire,5/19/2011,5/19/2011,5/19/2011,46.0042,-95.8359,Flat,Flat,0-25,105,105
MNDLR,DETROIT LAKES WETLAND MANAGEMENT DISTRICT,BJORNSON 2011,Treatment,Fires Ignited on FWS Lands by FWS,,Prescribed Fire,5/15/2011,5/15/2011,5/15/2011,46.785,-96.312,Flat,Flat,0-25,125,125
MNWWR,WINDOM WETLAND MANAGEMENT DISTRICT,WORTHINGTON E:  BLACKLINE,Treatment,Fires Ignited on FWS Lands by FWS,Sioux Falls SD,Prescribed Fire,5/11/2011,5/11/2011,5/11/2011,43.6260881,-95.575606,Flat,Flat,0-25,1,1
MNTMR,TAMARAC NATIONAL WILDLIFE REFUGE,HOPSTEAD 2011,Treatment,Fires Ignited on FWS Lands by FWS,,Prescribed Fire,5/16/2011,5/16/2011,5/16/2011,46.92,-95.66,Flat,Flat,0-25,74,74
MNWWR,WINDOM WETLAND MANAGEMENT DISTRICT,TOUCH THE SKY PRAIRIE - KONTZ W ,Treatment,Fires Ignited on FWS Lands by FWS,Sioux Falls SD,Prescribed Fire,5/16/2011,5/16/2011,5/16/2011,43.72893793,-96.29585055,Flat,Flat,0-25,75,75
MNGLR,GLACIAL RIDGE NATIONAL WILDLIFE REFUGE,OAK RIDGE UNIT 1,Treatment,Fires Ignited on FWS Lands by FWS,Detroit Lakes,Prescribed Fire,8/3/2011,8/3/2011,8/3/2011,47.6751,-96.229,Flat,Flat,0-25,92,92
MNCMR,CRANE MEADOWS NATIONAL WILDLIFE REFUGE,UNIT 1 TRAILHEAD,Treatment,Fires Ignited on FWS Lands by FWS,,Prescribed Fire,4/12/2011,4/12/2011,4/12/2011,45.93138889,-94.25388889,Flat,Flat,0-25,81,81
MNBGR,BIG STONE NATIONAL WILDLIFE REFUGE,ANDERSON NE,Treatment,Fires Ignited on FWS Lands by FWS,,Prescribed Fire,4/12/2011,4/12/2011,4/12/2011,45.22423,-96.31519,Flat,Flat,0-25,68,68
MNBGR,BIG STONE NATIONAL WILDLIFE REFUGE,ANDERSON NE,Treatment,Fires Ignited on FWS Lands by FWS,,Prescribed Fire,4/12/2011,4/12/2011,4/12/2011,45.22423,-96.31519,Flat,Flat,0-25,68,68
MNCMR,CRANE MEADOWS NATIONAL WILDLIFE REFUGE,UNIT 1 HQ,Treatment,Fires Ignited on FWS Lands by FWS,,Prescribed Fire,4/12/2011,4/12/2011,4/12/2011,45.94333333,-94.24444444,Flat,Flat,0-25,176,176
MNAGR,AGASSIZ NATIONAL WILDLIFE REFUGE,SLASH PILE RX,Treatment,Fires Ignited on FWS Lands by FWS,,Prescribed Fire,4/18/2011,4/18/2011,4/18/2011,48.2898,-95.8523,Flat,Flat,0-25,52,52
MNWWR,WINDOM WETLAND MANAGEMENT DISTRICT,WOLF LAKE E (WUI),Treatment,Fires Ignited on FWS Lands by FWS,Sioux Falls SD,Prescribed Fire,5/16/2011,5/16/2011,5/16/2011,43.85638083,-95.08324366,Flat,Flat,0-25,77,77
MNWWR,WINDOM WETLAND MANAGEMENT DISTRICT,HALLS LAKE N,Treatment,Fires Ignited on FWS Lands by FWS,Twin Cities MN,Prescribed Fire,5/17/2011,5/17/2011,5/17/2011,43.70952486,-93.51148493,Flat,Flat,0-25,235,235
MNWWR,WINDOM WETLAND MANAGEMENT DISTRICT,DES MOINES RIVER S,Treatment,Fires Ignited on FWS Lands by FWS,Sioux Falls SD,Prescribed Fire,6/1/2011,6/1/2011,6/1/2011,43.9312457,-95.24330293,Flat,Flat,0-25,228,228
MNLFR,LITCHFIELD WETLAND MANAGEMENT DISTRICT,PHARE LAKE B,Treatment,Fires Ignited on FWS Lands by FWS,214001,Prescribed Fire,4/12/2011,4/12/2011,4/12/2011,44.81972222,-94.58,Flat,Flat,0-25,122,122
MNDLR,DETROIT LAKES WETLAND MANAGEMENT DISTRICT,JACOBSON BECKER COUNTY,Treatment,Fires Ignited on FWS Lands by FWS,,Prescribed Fire,4/13/2011,4/1/2011,4/13/2011,46.85,-95.956,Flat,Flat,0-25,260,260
MNWWR,WINDOM WETLAND MANAGEMENT DISTRICT,LITTLE SIOUX,Treatment,Fires Ignited on FWS Lands by FWS,Sioux Falls SD,Prescribed Fire,4/25/2011,4/25/2011,4/25/2011,43.5193253,-95.2009366,Flat,Flat,0-25,180,180
MNSBR,SHERBURNE NATIONAL WILDLIFE REFUGE,EDSON PILES,Treatment,Fires Ignited on FWS Lands by FWS,,Prescribed Fire,1/31/2011,1/31/2011,1/31/2011,45.49694444,-93.66277778,Flat,Flat,0-25,39,39
MNBGR,BIG STONE NATIONAL WILDLIFE REFUGE,MUELLER,Treatment,Fires Ignited on FWS Lands by FWS,,Prescribed Fire,4/28/2011,4/28/2011,4/28/2011,45.22408,-96.37244,Flat,Flat,0-25,44,44
MNBGR,BIG STONE NATIONAL WILDLIFE REFUGE,MUELLER,Treatment,Fires Ignited on FWS Lands by FWS,,Prescribed Fire,4/28/2011,4/28/2011,4/28/2011,45.22408,-96.37244,Flat,Flat,0-25,44,44
MNBGR,BIG STONE NATIONAL WILDLIFE REFUGE,YELLOW MEDCINE,Treatment,Fires Ignited on FWS Lands by FWS,,Prescribed Fire,5/7/2011,5/7/2011,5/7/2011,44.43177,-96.05434,Flat,Flat,0-25,161,161
MNBGR,BIG STONE NATIONAL WILDLIFE REFUGE,YELLOW MEDCINE,Treatment,Fires Ignited on FWS Lands by FWS,,Prescribed Fire,5/7/2011,5/7/2011,5/7/2011,44.43177,-96.05434,Flat,Flat,0-25,161,161
MNBGR,BIG STONE NATIONAL WILDLIFE REFUGE,KAERCHER BLACKLINE,Treatment,Fires Ignited on FWS Lands by FWS,,Prescribed Fire,5/16/2011,5/16/2011,5/16/2011,45.24134,-96.34464,Flat,Flat,0-25,1,1
MNBGR,BIG STONE NATIONAL WILDLIFE REFUGE,KAERCHER BLACKLINE,Treatment,Fires Ignited on FWS Lands by FWS,,Prescribed Fire,5/16/2011,5/16/2011,5/16/2011,45.24134,-96.34464,Flat,Flat,0-25,1,1
MNLFR,LITCHFIELD WETLAND MANAGEMENT DISTRICT,CLEAR LAKE B,Treatment,Fires Ignited on FWS Lands by FWS,214001,Prescribed Fire,5/24/2011,5/24/2011,5/24/2011,45.29305556,-94.44805556,Flat,Flat,0-25,61,61
MNTMR,TAMARAC NATIONAL WILDLIFE REFUGE,HEADQUARTERS,Treatment,Fires Ignited on FWS Lands by FWS,,Prescribed Fire,8/25/2011,8/25/2011,8/25/2011,46.95,-95.69,Flat,Flat,0-25,7,7
MNLFR,LITCHFIELD WETLAND MANAGEMENT DISTRICT,CASEY LAKE B,Treatment,Fires Ignited on FWS Lands by FWS,214001,Prescribed Fire,5/10/2011,5/10/2011,5/10/2011,45.08361111,-94.47444444,Flat,Flat,0-25,183,183
MNLFR,LITCHFIELD WETLAND MANAGEMENT DISTRICT,CARLSON LAKE E,Treatment,Fires Ignited on FWS Lands by FWS,214001,Prescribed Fire,4/25/2011,4/25/2011,4/25/2011,45.22222222,-94.95361111,Flat,Flat,0-25,58,58
MNLFR,LITCHFIELD WETLAND MANAGEMENT DISTRICT,CREAM CITY A,Treatment,Fires Ignited on FWS Lands by FWS,214001,Prescribed Fire,5/17/2011,5/17/2011,5/17/2011,44.85166667,-94.78833333,Flat,Flat,0-25,161,161
MNDLR,DETROIT LAKES WETLAND MANAGEMENT DISTRICT,BAKER 2011,Treatment,Fires Ignited on FWS Lands by FWS,,Prescribed Fire,5/10/2011,5/10/2011,5/10/2011,46.904,-95.978,Flat,Flat,0-25,3,3
MNFFR,FERGUS FALLS WETLAND MANAGEMENT DISTRICT,NORDBY,Treatment,Fires Ignited on FWS Lands by FWS,8376650a,Prescribed Fire,5/11/2011,5/11/2011,5/11/2011,45.916,-96.035361,Flat,Flat,0-25,120,120
MNDLR,DETROIT LAKES WETLAND MANAGEMENT DISTRICT,LEPIER 2011,Treatment,Fires Ignited on FWS Lands by FWS,,Prescribed Fire,5/26/2011,5/26/2011,5/26/2011,46.57,-95.79,Flat,Flat,0-25,238,238
MNFFR,FERGUS FALLS WETLAND MANAGEMENT DISTRICT,ERHARDS GROVE SOUTH,Treatment,Fires Ignited on FWS Lands by FWS,8376650a,Prescribed Fire,5/16/2011,5/16/2011,5/16/2011,46.475597,-96.105219,Flat,Flat,0-25,97,97
MNFFR,FERGUS FALLS WETLAND MANAGEMENT DISTRICT,AGASSIZ NE,Treatment,Fires Ignited on FWS Lands by FWS,8376650a,Prescribed Fire,5/18/2011,5/18/2011,5/18/2011,46.290197,-96.239497,Flat,Flat,0-25,300,300
MNFFR,FERGUS FALLS WETLAND MANAGEMENT DISTRICT,GREWE,Treatment,Fires Ignited on FWS Lands by FWS,8376650a,Prescribed Fire,5/26/2011,5/26/2011,5/26/2011,46.241664,-95.733111,Flat,Flat,0-25,172,172
MNBGR,BIG STONE NATIONAL WILDLIFE REFUGE,LEE ISLE,Treatment,Fires Ignited on FWS Lands by FWS,,Prescribed Fire,4/13/2011,4/13/2011,4/13/2011,45.24249,-96.38699,Flat,Flat,0-25,16,16
MNBGR,BIG STONE NATIONAL WILDLIFE REFUGE,LEE ISLE,Treatment,Fires Ignited on FWS Lands by FWS,,Prescribed Fire,4/13/2011,4/13/2011,4/13/2011,45.24249,-96.38699,Flat,Flat,0-25,16,16
MNAGR,AGASSIZ NATIONAL WILDLIFE REFUGE,SILO N1,Treatment,Fires Ignited on FWS Lands by FWS,,Prescribed Fire,8/23/2011,8/23/2011,8/23/2011,48.282678,-96.04645,Flat,Flat,0-25,200,200
MNAGR,AGASSIZ NATIONAL WILDLIFE REFUGE,SILO N2,Treatment,Fires Ignited on FWS Lands by FWS,,Prescribed Fire,8/25/2011,8/25/2011,8/25/2011,48.282678,-96.04645,Flat,Flat,0-25,250,250
MNAGR,AGASSIZ NATIONAL WILDLIFE REFUGE,SLASH PILES RX2,Treatment,Fires Ignited on FWS Lands by FWS,,Prescribed Fire,4/19/2011,4/19/2011,4/19/2011,48.294757,-95.858148,Flat,Flat,0-25,22,22
MNAGR,AGASSIZ NATIONAL WILDLIFE REFUGE,GOLDEN VALLEY UNIT 25,Treatment,Fires Ignited on FWS Lands by FWS,,Prescribed Fire,8/10/2011,8/10/2011,8/10/2011,48.33,-95.91,South,Flat,0-25,247,247
MNMVR,MINNESOTA VALLEY NATIONAL WILDLIFE REFUGE,LV ISLANDS,Treatment,Fires Ignited on FWS Lands by FWS,,Prescribed Fire,4/12/2011,4/12/2011,4/12/2011,44.72722222,-93.60222222,Flat,Flat,0-25,90,90
MNFFR,FERGUS FALLS WETLAND MANAGEMENT DISTRICT,FRIKKEN,Treatment,Fires Ignited on FWS Lands by FWS,8376650a,Prescribed Fire,5/17/2011,5/17/2011,5/17/2011,46.102181,-95.951289,Flat,Flat,0-25,100,100
MNFFR,FERGUS FALLS WETLAND MANAGEMENT DISTRICT,ELBOW LAKE,Treatment,Fires Ignited on FWS Lands by FWS,8376650a,Prescribed Fire,5/17/2011,5/17/2011,5/17/2011,46.979786,-95.978464,Flat,Flat,0-25,60,60
MNTMR,TAMARAC NATIONAL WILDLIFE REFUGE,COUNTY RD 26 2011,Treatment,Fires Ignited on FWS Lands by FWS,,Prescribed Fire,5/3/2011,5/3/2011,5/3/2011,46.96,-95.69,Flat,Flat,0-25,1,1
MNCMR,CRANE MEADOWS NATIONAL WILDLIFE REFUGE,UNIT 1 OAK SAVANNA,Treatment,Fires Ignited on FWS Lands by FWS,,Prescribed Fire,4/12/2011,4/12/2011,4/12/2011,45.93805556,-94.25333333,Flat,Flat,0-25,35,35
MNSBR,SHERBURNE NATIONAL WILDLIFE REFUGE,37-38-39A BLACKLING,Treatment,Fires Ignited on FWS Lands by FWS,,Prescribed Fire,4/25/2011,4/25/2011,4/25/2011,45.46472222,-93.65361111,Flat,Flat,0-25,7,7
MNDLR,DETROIT LAKES WETLAND MANAGEMENT DISTRICT,HOLTE,Treatment,Fires Ignited on FWS Lands by FWS,,Prescribed Fire,4/14/2011,4/1/2011,4/14/2011,46.991,-96.368,Flat,Flat,0-25,14,14
MNWWR,WINDOM WETLAND MANAGEMENT DISTRICT,KIESTER,Treatment,Fires Ignited on FWS Lands by FWS,Twin Cities MN,Prescribed Fire,4/12/2011,4/12/2011,4/12/2011,43.5037113,-93.6849327,Flat,Flat,0-25,111,111
MNPVR,MINNESOTA STATE PRIVATE LANDS OFFICE,MADSEN TRACTS UNIT A AND B,Treatment,Fires Ignited on Other Lands by an Agreement,,Prescribed Fire,5/18/2011,5/18/2011,5/18/2011,44.56937,-95.01873,Flat,Flat,0-25,27,27
MNWWR,WINDOM WETLAND MANAGEMENT DISTRICT,GOOSE CREEK SE (WUI),Treatment,Fires Ignited on Other Lands by an Agreement,Twin Cities MN,Prescribed Fire,5/6/2011,5/6/2011,5/6/2011,43.53914797,-93.41243365,Flat,Flat,0-25,185,185
MNLFR,LITCHFIELD WETLAND MANAGEMENT DISTRICT,BOON LAKE A,Treatment,Fires Ignited on Other Lands by an Agreement,214001,Prescribed Fire,5/16/2011,5/16/2011,5/16/2011,44.86583333,-94.61361111,Flat,Flat,0-25,82,82
MNDLR,DETROIT LAKES WETLAND MANAGEMENT DISTRICT,STUHR EASEMENT,Treatment,Fires Ignited on Other Lands by an Agreement,,Prescribed Fire,5/5/2011,5/5/2011,5/5/2011,46.78,-96.47,Flat,Flat,0-25,40,40
MNDLR,DETROIT LAKES WETLAND MANAGEMENT DISTRICT,KRUGER 3,Wildfire,Fires Suppressed on FWS Lands by Another Federal Agency,,,5/4/2011,,5/4/2011,47.02111111,-95.85055556,Flat,Flat,0-25,,1.5
MNDLR,DETROIT LAKES WETLAND MANAGEMENT DISTRICT,BAKKEN,Wildfire,Fires Suppressed on FWS Lands by Another Non-Federal Agency,,,5/18/2011,,5/18/2011,46.812,-95.987,Flat,Flat,0-25,,1
MNDLR,DETROIT LAKES WETLAND MANAGEMENT DISTRICT,KRUGER 2,Wildfire,Fires Suppressed on FWS Lands by Another Non-Federal Agency,,,5/4/2011,,5/4/2011,47.02055556,-95.25444444,Flat,Flat,0-25,,1
MNTMR,TAMARAC NATIONAL WILDLIFE REFUGE,OVERLOOK,Wildfire,Fires Suppressed on FWS Lands by Another Non-Federal Agency,,,10/1/2011,,10/1/2011,46.94,-95.62,Flat,Flat,0-25,,0.1
MNGLR,GLACIAL RIDGE NATIONAL WILDLIFE REFUGE,TILDEN 23,Wildfire,Fires Suppressed on FWS Lands by Another Non-Federal Agency,Detroit Lakes,,6/23/2011,,6/23/2011,47.70197,-96.25254,Flat,Flat,0-25,,0.3
MNDLR,DETROIT LAKES WETLAND MANAGEMENT DISTRICT,WESTBURY NORTH WPA #2,Wildfire,Fires Suppressed on FWS Lands by Another Non-Federal Agency,,,6/23/2011,,6/23/2011,46.91,-95.908,Flat,Flat,0-25,,1
MNDLR,DETROIT LAKES WETLAND MANAGEMENT DISTRICT,TESSMAN CAR,Wildfire,Fires Suppressed on FWS Lands by Another Non-Federal Agency,,,12/8/2011,,12/8/2011,46.864,-95.909,Flat,Flat,0-25,,0.1
MNDLR,DETROIT LAKES WETLAND MANAGEMENT DISTRICT,TESSMAN CAR,Wildfire,Fires Suppressed on FWS Lands by Another Non-Federal Agency,,,12/8/2011,,12/8/2011,46.864,-95.909,Flat,Flat,0-25,,0.1
MNDLR,DETROIT LAKES WETLAND MANAGEMENT DISTRICT,TESSMAN CAR,Wildfire,Fires Suppressed on FWS Lands by Another Non-Federal Agency,,,12/8/2011,,12/8/2011,46.864,-95.909,Flat,Flat,0-25,,0.1
MNLFR,LITCHFIELD WETLAND MANAGEMENT DISTRICT,GETTEL,Wildfire,Fires Suppressed on FWS Lands by Another Non-Federal Agency,,,11/18/2011,,11/18/2011,45.74916667,-95.03083333,Flat,Flat,0-25,,21
MNDLR,DETROIT LAKES WETLAND MANAGEMENT DISTRICT,KRUGER WPA,Wildfire,Fires Suppressed on FWS Lands by Another Non-Federal Agency,,,4/25/2011,,4/25/2011,47.02083333,-95.84972222,Flat,Flat,0-25,,1
MNLFR,LITCHFIELD WETLAND MANAGEMENT DISTRICT,GETTEL,Wildfire,Fires Suppressed on FWS Lands by Another Non-Federal Agency,,,11/18/2011,,11/18/2011,45.74555556,-95.03222222,Flat,Flat,0-25,,21
MNBNR,MORRIS WETLAND MANAGEMENT DISTRICT,PINTO,Wildfire,Fires Suppressed on FWS Lands by Another Non-Federal Agency,,,11/4/2011,,11/4/2011,45.49111111,-95.48583333,Flat,Flat,0-25,,1
MNBGR,BIG STONE NATIONAL WILDLIFE REFUGE,KRAGH,Wildfire,Fires Suppressed on FWS Lands by Another Non-Federal Agency,,,11/18/2011,,11/18/2011,44.39381,-96.38466,Flat,Flat,0-25,,1.6
MNTMR,TAMARAC NATIONAL WILDLIFE REFUGE,WAUBOOSE LAKE,Wildfire,Fires Suppressed on FWS Lands by FWS,212201,,4/26/2011,,4/26/2011,47.02,-95.58,Flat,Flat,0-25,,2
MNSBR,SHERBURNE NATIONAL WILDLIFE REFUGE,BOY SCOUT,Wildfire,Fires Suppressed on FWS Lands by FWS,,,1/15/2011,,1/15/2011,45.50166667,-93.75861111,Flat,Flat,0-25,,1
MNAGR,AGASSIZ NATIONAL WILDLIFE REFUGE,SILO WILDFIRE,Wildfire,Fires Suppressed on FWS Lands by FWS,,,10/24/2011,,10/24/2011,48.282678,-96.04645,Flat,Flat,0-25,,1133
MNBNR,MORRIS WETLAND MANAGEMENT DISTRICT,WELSH,Wildfire,Fires Suppressed on FWS Lands by FWS,,,12/19/2011,,12/19/2011,45.3266,-95.4176,Flat,Flat,0-25,,36
MNBNR,MORRIS WETLAND MANAGEMENT DISTRICT,HWY 6,Wildfire,Fires Suppressed on FWS Lands by FWS,,,11/29/2011,,11/29/2011,45.45416667,-96.24416667,Flat,Flat,0-25,,18
MNRYR,RYDELL NATIONAL WILDLIFE REFUGE,WOODSIDE 10,Wildfire,Fires Suppressed on FWS Lands by FWS,,,9/6/2011,,9/6/2011,47.65433,-96.13045,Flat,Flat,0-25,,3
MNTMR,TAMARAC NATIONAL WILDLIFE REFUGE,WAUBOOSE LAKE,Wildfire,Fires Suppressed on FWS Lands by FWS,,,4/26/2011,,4/26/2011,47.02,-95.58,Flat,Flat,0-25,,2
MNDLR,DETROIT LAKES WETLAND MANAGEMENT DISTRICT,SHAY,Wildfire,Fires Suppressed on FWS Lands by FWS,,,4/26/2011,,4/26/2011,46.104,-96.094,Flat,Flat,0-25,,160
MNBNR,MORRIS WETLAND MANAGEMENT DISTRICT,SPELLMAN,Wildfire,Fires Suppressed on FWS Lands by FWS,,,10/7/2011,,10/7/2011,44.66305556,-95.76611111,Flat,Flat,0-25,,5
MNSBR,SHERBURNE NATIONAL WILDLIFE REFUGE,MN DNR STAFFINF ASSIST,Wildfire,Fires Suppressed on Other Lands by an Agreement,,,10/5/2011,,10/5/2011,45.49583333,-93.69138889,Flat,Flat,0-25,,0
MNAGR,AGASSIZ NATIONAL WILDLIFE REFUGE,SHARP,Wildfire,Fires Suppressed on Other Lands by an Agreement,,,4/29/2011,,4/29/2011,48.2375,-95.82444444,Flat,Flat,0-25,,87
MNAGR,AGASSIZ NATIONAL WILDLIFE REFUGE,SHARP,Wildfire,Fires Suppressed on Other Lands by an Agreement,210801,,4/29/2011,,4/29/2011,48.2375,-95.82444444,Flat,Flat,0-25,,87
MNSBR,SHERBURNE NATIONAL WILDLIFE REFUGE,BENLACS,Wildfire,Fires Suppressed on Other Lands by an Agreement,,,4/19/2011,,4/19/2011,45.61666667,-93.77083333,Flat,Flat,0-25,,20
MNGLR,GLACIAL RIDGE NATIONAL WILDLIFE REFUGE,GROVE PARK 17,Wildfire,Fires Suppressed That Threaten FWS Lands,Detroit Lakes,,10/7/2011,,10/7/2011,47.719,-96.184,Flat,Flat,0-25,,2
MNGLR,GLACIAL RIDGE NATIONAL WILDLIFE REFUGE,GODFREY 14,Wildfire,Fires Suppressed That Threaten FWS Lands,Detroit Lakes,,5/6/2011,,5/6/2011,47.3691,-96.2363,Flat,Flat,0-25,,140
MNAGR,AGASSIZ NATIONAL WILDLIFE REFUGE,NEAR MISS,Wildfire,Fires Suppressed That Threaten FWS Lands,,,10/7/2011,,10/7/2011,48.28305556,-95.86638889,Flat,Flat,0-25,,1
MNSBR,SHERBURNE NATIONAL WILDLIFE REFUGE,RICE LAKE TWO,Wildfire,Fires Suppressed That Threaten FWS Lands,,,11/16/2011,,11/16/2011,45.56027778,-93.63416667,Flat,Flat,0-25,,2
MNMVR,MINNESOTA VALLEY NATIONAL WILDLIFE REFUGE,EAGAN ASSIST,Wildfire,Fires Suppressed That Threaten FWS Lands,,,4/7/2011,,4/7/2011,44.8225,-93.21944444,Flat,Flat,0-25,,2
MNDLR,DETROIT LAKES WETLAND MANAGEMENT DISTRICT,ISLAND LAKE,Wildfire,Fires Suppressed That Threaten FWS Lands,,,10/5/2011,,10/5/2011,47.46138889,-95.66194444,Flat,Flat,0-25,,2
MNMVR,MINNESOTA VALLEY NATIONAL WILDLIFE REFUGE,NINE MILE CREEK,Wildfire,Fires Suppressed That Threaten FWS Lands,,,11/7/2011,,11/7/2011,44.79444444,-93.31083333,Flat,Flat,0-25,,3
MNDLR,DETROIT LAKES WETLAND MANAGEMENT DISTRICT,WAUBUN WMA,Wildfire,Fires Suppressed That Threaten FWS Lands,,,4/26/2011,,4/26/2011,47.158,-95.949,Flat,Flat,0-25,,1000
MNWWR,WINDOM WETLAND MANAGEMENT DISTRICT,DES MOINES RIVER - THREAT - PL ASSIST,Wildfire,Fires Suppressed That Threaten FWS Lands,,,10/6/2011,,10/6/2011,43.91972222,-95.21805556,Flat,Flat,0-25,,8
MNSBR,SHERBURNE NATIONAL WILDLIFE REFUGE,HOBO FIRE,Wildfire,Natural Out,,,5/10/2011,,5/10/2011,45.49805556,-93.66111111,Flat,Flat,0-25,,0.1
MNMVR,MINNESOTA VALLEY NATIONAL WILDLIFE REFUGE,BASS PONDS 3,Wildfire,Natural Out,,,8/26/2011,,8/26/2011,44.83777778,-93.23555556,Flat,Flat,0-25,,0.1
MNSBR,SHERBURNE NATIONAL WILDLIFE REFUGE,NO 1,Wildfire,Natural Out,,,12/1/2011,,12/1/2011,45.42333333,-93.65416667,Flat,Flat,0-25,,0.1
MNMVR,MINNESOTA VALLEY NATIONAL WILDLIFE REFUGE,BASS PONDS 1,Wildfire,Natural Out,,,7/5/2011,,7/5/2011,44.83833333,-93.23805556,Flat,Flat,0-25,,0.1
MNMVR,MINNESOTA VALLEY NATIONAL WILDLIFE REFUGE,LML,Wildfire,Natural Out,,,7/20/2011,,7/20/2011,44.8575,-93.21611111,Flat,Flat,0-25,,0.1
MNDLR,DETROIT LAKES WETLAND MANAGEMENT DISTRICT,WESTBURY NORTH WPA #1 ,Wildfire for Resource Benefit,WF for Resource Benefit on FWS Lands by Another Agency,,,6/23/2011,,6/23/2011,46.91,-95.908,Flat,Flat,0-25,,1
MNDLR,DETROIT LAKES WETLAND MANAGEMENT DISTRICT,SOLLIE ENTERPRISES,Wildfire for Resource Benefit,WF for Resource Benefit on FWS Lands by FWS,,,4/27/2011,,4/27/2011,47.566,-95.695,Flat,Flat,0-25,,43
MNDLR,DETROIT LAKES WETLAND MANAGEMENT DISTRICT,HELIKSEN PRAIRIE,Wildfire for Resource Benefit,WF for Resource Benefit on FWS Lands by FWS,,,4/29/2011,,4/29/2011,47.07916667,-96.05222222,Flat,Flat,0-25,,1122
MNDLR,DETROIT LAKES WETLAND MANAGEMENT DISTRICT,LINDSEY LAKE,Wildfire for Resource Benefit,WF for Resource Benefit on FWS Lands by FWS,,,4/29/2011,,4/29/2011,47.06,-95.99,Flat,Flat,0-25,,92
